0.007438585643753014	256394.90791210494	3.466276950473763e8	33678.91759857584	3.2383632328010306e7	38.98351468750362	630209.0665020263	338183.51683842903	1.0434704281435623e-6	8.991636325403769e8	0.00001882082038697995	9.993822057877566e8	7.854912150234452e8	4.08844654803407e-6	0.00021518139726635292	1.0793527562931117e-6	0.000056808039803962605
0.007438585644643242	39.00395901465956	134583.74785482147	38994.05193636448	1.4690470751402482e7	55134.96541161491	2.341438792478542e7	464887.849626038	1.016060483628943e-6	7.363016157172784e7	0.0003721219326416478	9.129603730571672e8	9.863693409950098e8	1.8930871672264535e7	9.963616669677815e8	6.120272826330209e6	3.221196224331139e8
0.007438585648491883	38.97354922401742	136594.216759257	38012.706543120454	1.4098980527498247e7	2.9396588102731593e7	6.456561842664016e8	4.0195576893632384e6	0.006607104939394885	8.326382594582799e7	54.21833269831911	6.104599810298668e7	5.664151857047813e8	1.980855274231049e-6	0.00010425554074968168	0.000014535578919304334	0.0007650304694420536
0.00743858564916227	38.97818146080939	131075.0189248519	33034.6676428082	1.2770059097689103e7	299539.0699780674	3.243346177445397e8	9.707748034664333e8	0.000033153645768937774	7.884327973091487e8	0.02423484253301973	860403.563817526	9.712910718717501e8	0.7049183323187217	37.100964858438346	1.8933805355814658e7	9.965160713651574e8
0.0074385856507035355	164945.7756885116	5.784862158009545e8	36453.612546301345	1.3511701645864332e7	38.98433052015349	0.2731764900339791	759636.7211055269	1.0000072551956357e-6	9.998075637358632e8	311.1252185449556	3.4796550231885123e8	6.138303309589366e8	791.3991041746025	41652.5844305136	0.1444998513430003	7.605255333856636
0.007438585651694023	3989.9585970605626	1.3763765681451695e7	2.6117225502750226e6	9.841911250446789e8	39.35975725990377	16984.75839372893	738609.8107553463	1.0000008867949898e-6	1.240464320394246e7	0.00006067127977783747	5.575173217173886e8	9.567133309006226e8	71024.2685800738	3.738119398975602e6	3179.042032017337	167318.00168621307
0.007438585652451604	147.9036389462864	495809.88610651507	43771.96210041519	1.697387221505872e7	3759.969721325031	4.368247617665075e6	53.67228665122136	9.287413756032326e-6	4.89875865977038e7	0.0007807401505281213	8.251861456984869e8	102925.30671290931	7.610214138822739	400.5375862564372	1.0008768978507804e-6	0.000052677731464960736
0.007438585653409673	60.67210236258732	2.307536007153591e7	40552.31142403168	138604.6503870512	2.351416862342527e7	9.999995038390871e8	22899.997380419452	12686.772641957357	4.1855311217726064e6	1.5219212265001136e8	1.6596144614771095e8	41949.42092680622	2.2455722252867627e6	1.1818801185524653e8	118336.45384602476	6.228234412989241e6
0.007438585656920531	39.01681708175791	135762.8028412733	148688.13634561116	5.554799722059047e7	36534.582313512394	7.551670712319962e6	762714.750261885	0.00019004920011026928	1.554279720547882e7	0.0306742752938932	3.461618356640035e8	6.131157536319147e8	0.004406934679756488	0.23194393051127163	5650.66730911682	297403.54258703307
0.007438585657396126	53.3710613418995	187169.32234497822	2.5739258886118624e6	9.540880630425124e8	2.3768983749736133e8	3.296647404794084e8	144.46892283649694	1.0000027184356556e-6	1.2204045659576198e7	0.008447603871061962	767703.5535925261	113.40729354078839	8.109891524200816e-6	0.00042683639601334917	1.896887027918707e7	9.98361593647926e8
0.007438585659121533	1051.4024725010265	3.6874059759183438e6	40270.411156565046	1.4926410335138446e7	1.2017060581423484e8	3627.8954516429394	40.47339947292276	1.5893832713183444e-6	6.2512211153302364e7	1916.1542145221754	586492.6182207892	14.718454579732665	5.380947039539232	283.20773892104955	29.359671915109605	1545.2458902789929
0.007438585659372237	72.69396620614044	251901.95403044284	38991.4712830653	1.4627083625370566e7	8.694204684654746e8	2.8728722716456336e8	86.3249549702103	1.9972527871202133	7.335890218340842e7	203971.49248847138	552637.8540879142	23.93981946992875	0.0023260248716047037	0.12242236166392095	18.708130092425527	984.6384259235468
0.00743858565974979	1.111248090566195e6	9.12997499082599e8	59091.41552008397	9.349472851104197e7	38.975735875525174	939606.0830375919	8.711165306690603e8	7.833890619347758e8	9.251933080811616e8	276.41904738987523	430111.52146051475	66.8482989549083	457485.70480217505	2.4078194989745002e7	1.255332590295742e-6	0.00006607013633178521
0.007438585659775286	34262.327426040494	6.589206850749669e7	44185.73925926692	2.9866692341989983e7	39.0175339782372	463570.7006263126	9.492370228876445e7	1006.2842647326938	8.314322828838418e7	1.3815685820959934e-6	430088.1486789096	0.02836750712529093	1.0009676797749153e-6	0.00005268250946218082	1.788753611990771e7	9.414492694749594e8
0.0074385856601414824	265.2721755385935	930343.9011996645	32948.255134511135	1.2212425331305731e7	210026.73222486416	214.72448380203483	45.694982859932935	1.5727977167578967e-6	9.035252925862619e8	342.9146928506262	484878.8198602504	5.8212763182371505	1.899998809049539e7	9.999993731674559e8	0.0002667455151924421	0.014039237641798923
0.007438585660316855	104979.15577939857	3.681750305008686e8	1.1803790709413236e6	4.3751372078604877e8	3.075904250765289e6	0.014126076476566666	38.9882161679168	0.00002112386116073005	9.451500605643462e8	2.315531665388382e8	440843.1045177819	0.9749472197666921	0.0005154577666102102	0.02712935613693154	1.0000286204830748e-6	0.00005263308528892573
0.007438585660566165	380.1700302906613	7.899926635631186e7	93031.4947429197	581977.1996805805	1.0999863111844526e8	9.999181480387809e8	3594.1303295678504	31080.912494652344	3.111121236279635e6	9.847882390703565e8	9.995043059823966e8	100888.78681360415	0.0003025476785379586	0.015923562028417333	0.49764539406889924	26.19186284566091
0.007438585660738865	103.70447160528197	363704.30706142436	33297.91791712483	1.2342053429509526e7	62.44549658586898	3.67480274381423	509847.98911881546	1.0309139696093713e-6	5.101475171915549e8	0.26211382438908265	435944.53374652023	6942.4866188288115	0.002314375088976313	0.12180921521007308	1.8956827162360907e7	9.977277453709418e8
0.007438585660815438	82.58970421066216	8370.96775947168	77052.50335752688	9.882310866719872e8	37887.59879976396	9.357222988276802e8	8.642137934283079e8	9.652962301104336e8	7.212065888389839e8	1.4165097679528247e-6	430088.4107162216	0.000023816055249243067	1.8989146616314974e7	9.994287692862456e8	257548.29517460387	1.3555173430330606e7
0.0074385856609672785	38.99281992386592	136752.92190685536	36111.173703204855	1.338476984014393e7	487086.13697145454	0.0003432494755090071	91691.52160680077	1.7887074328317525e-6	1.2076525947508897e8	8.205733214026015	430088.12084116857	0.0011242503993042126	1213.2606367573094	63855.82298764282	1.3056781431461949e7	6.871990227129999e8
0.007438585661032409	4207.118850338274	1.457470005392862e7	55168.98031338677	2.0701476544464663e7	39.36539655316517	0.004204905850905698	66545.90401564313	822.8647134653199	3.819620858269924e7	11.265691864191414	430088.13107111736	1.1960253836543233e-6	0.0030077605587475694	0.15830318730244125	1.897831182037867e7	9.988585168455441e8
0.007438585661065862	38.973242812774394	136684.26056903185	35297.56064140258	1.3083200721256202e7	1.3958739267214205e7	2.3996494636990205e-6	1.463747493393909e8	3.8068806935110803e-6	1.5247267461638337e8	1.807416119310536	430088.1154934699	0.000035888745161417494	373.2841794891515	19646.535762714877	1.6110420938876776e-6	0.00008479168915058296
0.007438585661094765	41.917646733870974	147008.74814473029	36232.34363227743	1.3429857792819297e7	9.975175831159074e8	3.2270514097517335e8	554.8204282985067	0.00043511644684625324	1.172276730398232e8	1.909286183905249e-6	430088.1204945584	3.0773609021080854e-6	1.8994236012554012e7	9.996966322231799e8	4.396343176909241e-6	0.00023138648299673067
0.007438585661145034	40.4441121452889	141833.44901541542	37762.872120537475	1.3997901081050977e7	1073.288249466011	1861.4814698762427	662725.3878172435	0.01227998214288619	8.659727766405071e7	1.109807910531276e-6	430088.1127205891	0.0005495064185149954	9324.01307763732	490737.5304051613	0.01400292765015873	0.7369961921201152
0.007438585661169344	6001.084274520798	2.104659110833142e7	36783.19938074584	1.363385717368136e7	39.22789320902699	0.0004631983160268856	2.564544533369372e8	1.2732223909508799e-6	1.0367368865540874e8	0.000011082481981693075	430088.10919507017	0.11645012770503141	1.0021396945309703e-6	0.00005274419444934201	1.888819375655651e7	9.941154608549805e8
0.00743858566122052	119.83009568946365	420260.14263471356	1.8535400640454332e6	6.870223710332905e8	1.2177995757176943e8	1.0518132851976543e6	57.7584331544045	1.0000569539917659e-6	1.2264359913882272e7	3.099023659437888	9.885995988533878e8	132707.01789731075	0.016001158034940684	0.8421662123663246	0.3858943022149056	20.31022643258929
0.007438585661341132	38.99609351732685	136764.34706609233	48376.95747904442	1.7931143188905433e7	73692.25624760178	2.0498107613297857e-6	661235.6148960002	0.32428725880215314	3.758028984978698e7	1700.0018879203492	430088.0900324858	1.1751724213001607e-6	972.9318340371183	51206.9386338661	1.0001130079588384e-6	0.000052637526735018576
0.007438585661413288	91.10930702121351	316385.6409922476	34796.95581911425	1.3025923197796708e7	71.02766775470745	17632.481881435757	1668.5964410041975	0.692565342637563	1.8500764780806938e8	0.000022536882625655945	430088.12704053696	0.0000340384654551677	0.000024153400920304365	0.0012712316273927222	1.8999377505641315e7	9.999672371455302e8
0.00743858566148487	38.97494117236506	136675.80739791086	61380.285473469805	2.275327528558142e7	4.456674104543605e8	7.080722107861941e8	7.097252741818814e8	32143.77499554077	2.561868123735056e7	2.2474355870275196e-6	430088.0920527265	1.409859401194694e-6	0.010569800860170243	0.5563053084336367	1.080958822615658e-6	0.000056892569611721014
0.007438585661513694	235.53627809318206	812665.8219682431	37095.85635264932	1.3976309862504387e7	36336.434494339854	7.402460983824287e6	46.84056887020602	0.4031316609478206	9.903477591640812e7	0.00033756869742305307	430088.45959818136	0.000038183283737855846	5.690630393480963	299.50686281535917	1.7225910411989596	90.66268637948319
0.0074385856616078685	157437.30712053002	5.521535403226904e8	73412.1912532966	2.721053890364874e7	92.29188367144684	0.16898231297770705	67.48946718153637	5.699260158110849e-6	2.162534473308755e7	4.589156703170409e-6	430088.1398651102	2.1074567924230295e-6	35615.0600419313	1.8744768443243834e6	0.2927439479355891	15.407576206988294
0.007438585661886617	1.1488981061618848e7	9.957324405892428e8	64139.8558210588	9.620294446747398e8	8.536260985699706e8	20748.8374660498	38.97846776441474	1538.326065926848	9.886868799279429e8	2248.849651455095	430088.1293380668	1.0507021762646948e-6	1.0005377095297061e-6	0.000052659879449274925	1.2447187953832845e-6	0.0000655115155469154
0.007438585662042932	154.17521838319325	521751.31816399546	34230.09036217177	1.314862551918535e7	52.24881753945889	48199.596037848285	29946.383411296287	0.008945825257994738	2.4822820810944414e8	3.7994416956552856e-6	430088.4528145212	0.023251935140248363	2.681317966635253e-6	0.0001411219982448798	525552.9011299242	2.766067900638138e7
0.0074385856623047295	20482.974998905178	7.181559759732617e7	34086.748876024096	1.2638082533948265e7	89.8514488442733	115.19822442909569	69.05887070988949	0.01695433204973392	6.16212314474054e8	122.89332329681264	433081.4547457894	0.480635775026343	107.78858213601757	5673.083270353668	74.94401501207246	3944.4218427663495
0.007438585662457282	1.1624213016667344e7	9.977317240726978e8	64034.96625408937	9.698138154478402e8	38.97330852795437	988257.83230191	9.99983328271608e8	4.747492368392508e8	9.999996177939725e8	1.5239284564496593e-6	430088.1070559907	0.00006224337539088807	8.886858521516161e6	4.6772939587231934e8	1.8999990047829755e7	9.99999476185054e8
0.007438585663485561	404.47031440006594	1.4185323152020054e6	33467.92223099294	1.2405023743824936e7	43.1291133942151	5.141371417717939e-6	6.626378745835968e6	4.292508266432626e-6	9.999995823111495e8	59.519473718810104	430088.44659534184	5.016791436599868	1.0004939054097056e-6	0.0000526575739680624	340.2857468005333	17909.776147513152
0.007438585664069167	283713.48552048986	9.950200066778835e8	33957.847812606095	1.2586632403001515e7	38.97847502170057	6.714513501965846e-6	9.95980988532004e8	0.004731657615466896	2.8597840118039864e8	0.516088963126457	430088.11614707747	0.029971845171205946	1.5216702124806888e7	8.008790591871384e8	34846.26740018857	1.8340140737060818e6
0.007438585665354807	38.97358415978139	136681.41200651048	2.204338827421161e6	8.170724734790157e8	7.152982058423027e6	5.586941092923199e6	1.3059465270405248e7	7.463717388795046	1.2229991792695919e7	1.2837422329702896e-6	430088.0707213542	0.00006570948429671664	458.25167444192107	24118.50918131082	162897.8388486862	8.573570465776173e6
0.007438585665516951	61.7564732459438	92492.33719907196	33716.893785631764	2.9264793310237475e7	1020.2151691616141	1.5029826808522329e7	125.08705441149004	3.7965008069004624	7.870579376497333e8	0.02503745411265496	430229.7125217346	0.03879423152775478	1128.9769148043226	59419.83762166719	0.6848556085585017	36.04503202929764
0.007438585666198408	42.2006759766077	148003.2661322142	32923.18389039534	1.2203130000074774e7	509.57856974729253	1.1057857449428523	1.609781183834671e8	5.718783600775619e-6	9.558556153269175e8	0.022801611405311208	430089.9085408046	667.4070125455723	6.486398630402239	341.3894016007694	39.375272627763735	2072.3827698958003
0.0074385856662451625	53.57231949751219	187434.1802789361	33527.841523881056	1.2457145753377933e7	1.5501408389809224e8	597088.0845685139	143.9379151615581	0.346301414291191	3.9713737330813515e8	1606.2420186150296	430097.0868459419	0.002980212589703722	1.3845372695327456	72.8703826069579	390.40415530027207	20547.587121200817
0.0074385856665992005	41.64845545930149	146066.5286213756	33830.70523448291	1.2539508962190881e7	1040.3522923531682	7.916979229738754	1455.5943498643942	5.194284622483174e-6	3.082153804387333e8	1.038631336987241e-6	430088.1215046793	3.291498003717265e-6	1.8936780106293164e7	9.966726371798187e8	1.4958626135544386e7	7.87296112402203e8
0.007438585666723098	39.481871369438515	137102.02395943424	435808.4096526748	1.6314376412842196e8	548829.0880854421	1.2953803565650819e8	3269.724438213114	2.956626010438008	1.3150241081568226e7	1.8394132598684096e-6	430088.08088197984	0.000017057922523582505	18222.870085464747	959098.4255570236	0.4545757589038118	23.925039942076104
0.007438585666735128	85.10203207376067	298463.09241823567	2.6704115714022242e6	9.898040709455975e8	71.90094509299657	1.859949695123024e-6	9.97748762030548e8	0.00010890979716808206	6.881469385924407e8	3984.4201305953948	430088.50202328985	628.4945468782773	9071.350556743608	477439.5029786222	135272.12142595908	7.11958533825475e6
0.007438585666767222	38.97323389628772	136684.48459828892	456195.6774410088	1.690905737124328e8	9.999541470723994e8	0.04599906908897452	2.746199135464501e8	2.1944166334197724e-6	1.2973747945637336e7	0.42859127053206536	430088.07798035926	0.08710680405193731	997.0710178576007	52477.421992847136	5.647953933045694e6	2.9726073331328607e8
0.007438585667356008	12219.178003252367	4.285433130691518e7	32907.61631234695	1.21973364473581e7	39.106607989860365	0.003130223314239365	173946.18705035464	0.0023112062120365477	9.926394080027945e8	0.001988265230325616	430088.1197518225	5.526831253323686e-6	2.6384436566219436	138.86545561258586	66.5829557184951	3504.3660904699377
0.007438585668390427	126550.18397223241	4.438290538537901e8	432360.6005133855	1.602559295896973e8	38.985382511552025	1.6964195694754158e-6	1.0285413985415842e7	1.286659251293274e-6	1.5665871408319077e7	7.890582352702486	430091.45505483955	80.24902907997625	0.0013336766859776104	0.07019350978713626	748441.2756589894	3.939164608757183e7
0.0074385856684955395	172.44495443424665	604740.7978332465	1.4023068727462199e6	5.1981071470336795e8	50.71541328088336	104.87151186907421	7051.534455876352	5.674013368643922e-6	1.2336234906552577e7	0.0002848318455694161	431752.35942193563	27.28691396367576	0.019239772360334785	1.012619597920702	0.04128104438869984	2.1726865467778227
0.0074385856689700375	38.97313744742063	136683.8747266908	32959.275258594374	1.221650679085161e7	9.768398611319495e8	1.0489761623220298e-6	7.786460109434187e7	0.604531946990279	9.897543819613215e8	1.2144864630770774e8	430088.12218799634	7.773572493867459e-6	1.0003039924021872e-6	0.000052647578544189714	1.8999993961186614e7	9.999996821512026e8
0.007438585669261422	38.97438191251913	136688.2221221398	33072.35528611668	1.2258421921068419e7	1.2106906560844127e6	4282.6970307545525	1.4058258738558576e8	8.166112962891727e-6	7.062879565976411e8	1.0000000906527785e-6	430088.12214838376	0.039492167873770426	1.899995474146883e7	9.999976179555339e8	0.24470685438064319	12.879308125321595
0.007438585670434121	1504.377611166607	5.276049239136588e6	48491.74060368862	1.7973681550870728e7	40.01052538306565	0.0775452183908719	1.8661906753843238e6	0.05022293015883813	3.655587222560549e7	0.00018987955127541348	430088.1342401232	0.00017133576759481334	0.032574649735204846	1.7144552492364238	171686.79237564185	9.036146967197904e6
0.00743858567090862	40.545830062444054	142199.498986313	33948.23400855415	1.2583069824603435e7	5.187880393558711e8	53.80148932630669	1004.7609629306352	0.000034591661183472225	2.84042283105852e8	1.152122394781081	430088.10533284344	5.59633126938455e-6	0.00035180195684069576	0.018515892464994042	278.8403761761357	14675.809272523777
0.007438585672604758	39.038169380336925	8.064334446014963e7	89160.72984974248	56106.81747286255	2.995437745624495e7	9.99999998595425e8	9.999999962007363e8	456284.15736225864	657634.2846504358	5.819135120607437e8	4.695630148996402e8	9.331690971855302e7	1.0000006456220429e-6	0.00005263161292781878	0.08508998053920698	4.47842002837755
0.007438585675671516	116578.72192891751	8.399898448451339e7	318527.10113807535	5.746628951888862e8	7.561014094637533e6	9.999996774999858e8	130.835911084812	274652.8173297723	1.2845286048011366e8	7.309090680033475e6	1.9825062375478733e8	17931.928996538707	1.0526102902821659e-6	0.00005540054159415907	1.8675380669654947e7	9.829147720708705e8
0.007438585678450001	38.9733988946965	136684.79752291422	34368.01049622801	1.2738660161575567e7	3.984572603511007e8	0.000022489814785225923	5.545662538560178e6	0.04242065683379623	3.9341788243150777e8	3.055906315419237e8	430088.1196230816	0.0026251718733721827	2.828986528290639e-6	0.00014889402780231208	6384.40997064852	336021.57740474254
0.0074385856847224	279708.6675107833	9.660282379201748e8	32910.95689213352	1.2387341234110652e7	2.7717906961389903e7	13603.171604373956	38.97868554730164	0.6030998201454162	9.996882066172606e8	67.90180004860422	430088.1309918922	1.01756501729397e-6	14.487845850077509	762.5182026230676	1.7281466347415587e6	9.095508603962187e7
0.007438585705750202	40.7951860069971	141187.1983550888	1.5022579224225837e6	5.642588971703944e8	2642.578662030155	894228.5912294879	1375.9563869901326	2.287714028484639	1.2499531229288625e7	4.061519035971531	440607.4006284442	31.866848309019883	2927.518152037984	154079.90273629726	6.657572318332898e-6	0.000350398543072435
0.007438585731596452	39.65315651539265	139068.7964201861	32955.49759748038	1.2215106068412038e7	2272.5984076855866	0.0009319517492084045	2.828805227437158e8	0.0008425340215652404	9.996355293608458e8	286.7264903255258	430088.1502138973	18.088475710152444	1.8975637042807277e7	9.98717739078627e8	0.19705469777106957	10.371299882588268
0.007438585736632175	39.12100184745167	137202.4578948188	33474.72988192108	1.2407561704484534e7	6.313703690988728e8	1.3146627106365433e-6	10310.055415773226	1.0198409752982293e-6	4.175097265164278e8	350573.70612194756	430088.1209699094	8.095812317142076e-6	79.87372306686831	4203.880161441505	0.06753314481716498	3.5543760430154685
0.007438585753600782	38.974057791501735	136687.70332131122	2.16427957725265e6	8.021939718912218e8	2.8679275594141004e6	0.02766262020943934	2.484227610207892e7	142.01217882876972	2.8678772811375e7	3.8556031225252496e6	430088.185776095	0.10390016475724648	1.0691647303829756e-6	0.00005627182791396429	1.0401414611184496e7	5.474428742764342e8
0.007438585764983801	115145.32931746329	3.4967232446514803e8	32970.84981016444	1.4113634636038056e7	38.98632019827221	137562.65729230436	1.5442322882580307e8	0.08311144191749686	9.980202734963928e8	0.2537291475493607	432942.8278625334	1.0249856425975772e6	1.2192009927064718e-6	0.00006416847330075861	0.000014345529150716585	0.000755027850042634
0.007438585770804956	38.97341356083675	136684.83451294538	32908.633778124	1.2197737042247696e7	9.504091349042492e8	0.004101346092621704	5.157739510468428e6	0.21156657978231935	9.988754311465447e8	8.440252064551335e6	430088.122029546	0.0004071557512139816	4387.917274232026	230943.0144294512	0.0023009848744587106	0.12110446707588995
0.007438585800827463	39.0366730973284	136700.1354402882	2.644641122758099e6	9.817258366148883e8	24137.05154131115	965865.0957072816	3.7231233101883554e6	1.0001877472698159e-6	1.2217617950870479e7	1.0721086543783943e-6	430782.88714949467	6014.782943230549	0.00190186344218889	0.1000980759051	0.04538366035298032	2.3886137027764964
0.007438585833578133	38.973294231579665	136602.6149887792	32906.991624823735	1.2204432332885405e7	1.0143262718954774e7	1.5970993238195458e8	5.313223413867421e7	0.0007456684599195565	9.947103303797858e8	3.4690445469331217e-6	430088.13684465067	1.7942657423346144	1.8911615729600687e7	9.953481962783359e8	1.8697691502516862e7	9.84089026454668e8
0.007438585884078833	84.65002923221537	296797.2102169038	32998.76296581466	1.2234501238749085e7	72.32937833530768	522.8431641005129	50673.11346536906	2.6355582795477777e-6	8.106385034185396e8	0.0008929856596266482	430684.453625305	70.25951178216118	4.0096538890916835e-6	0.00021103441521672642	0.022026569882075707	1.1592931516791967
0.0074385859475939835	38.973355593584536	136684.6532546496	2.696663451784992e6	9.995196852912165e8	1.2603669243027732e7	62.94389569560477	9.907676136335821e8	1.0000034412653947e-6	1.2196303959227625e7	1.4506807131260459e-6	430088.07057280705	0.2695652115793095	0.0021357011566927033	0.11240532403537846	1.2272300767442088e6	6.459105667116857e7
0.007438586055920618	38.973087741039436	136782.52073554255	2.3043577913154205e6	8.53503482990198e8	1.3735173917677802e8	310531.4176374283	8.73890336268124e8	8.344392699095515	1.224246047260082e7	333396.9810801591	431843.97244743165	2.9612394258367904e6	6.506318992591401e6	3.424378417096825e8	0.03710692008097513	1.952995793734764
0.007438586087768378	41.376458314936855	145112.67658871348	32904.623352479844	1.2196246572818896e7	6981.427412977214	0.5928396981494385	742.211847396377	4.495567936721155e-6	9.999933299397995e8	0.0007000769944386822	430088.1277436603	4.495578602430868e-6	21.22889022235135	1117.3100117099807	0.003617398030612342	0.19038937003083845
0.007438586501376435	363.5478186119577	1.2507667709867498e6	32938.090785005515	1.2445287567724992e7	666221.5053275285	1.6361675581462996e6	43.75708916182288	0.8469988403445577	9.436959330109082e8	2186.363036771796	431452.34215972415	0.140354171169145	1.0015532246793363e-6	0.000052713327615045276	51370.41119819058	2.703705852553958e6
0.007438637940294982	11389.720343014313	983629.7165155764	65687.03916802899	9.887412106257691e8	39.10850264577021	1.0034632545140155e6	9.937248996657956e8	841000.3282945552	9.688212908269463e8	1.5600961355126304e-6	430211.3700642392	0.03687944888427111	0.00048798035541791575	0.025683176601110233	1.8443680084859757	97.07200044703912
0.007438668769836065	39.32164422698892	135949.04384183558	32939.3550655532	1.2384882828870751e7	4373.387099460693	1.6327232914170264e6	1.2740687103133844e8	3.000019015731327e-6	9.304701166164198e8	1.1276714684523531e-6	429957.98309373326	9056.55774469989	1.1554990381930603e-6	0.00006081573885266248	1.2631850955921583e7	6.648342608423088e8
0.007439719271786334	39.00165296129475	136623.05777878902	33435.09905569773	1.2407460566985039e7	5.691368617196146e7	9.948440186548873e8	9.956605780375563e8	509742.5112356637	4.379073444808886e8	0.0002832750661858215	430650.5174391692	0.000010138717809193468	1.3494635119406372e7	7.102439536575949e8	4.635725620976733	243.98555900092663
0.007440561290205207	38.98211769544779	136707.0206004846	32911.83410980762	1.219966139337872e7	3.7279672955458146e8	6.004568588320669e8	6.029045182214409e8	0.000010261600119073336	9.999632211623057e8	0.00005063522015471646	430860.10594469047	2195.568792025014	0.2646712494447854	13.930065760214301	558331.9529843115	2.9385892261846967e7
0.007447403992284358	39.35976955466167	138307.5272216657	46173.165986107415	1.707981075425017e7	3.585272181708461e7	0.000013312751313477487	4570.328536058705	0.6544266162341219	9.999997888299444e8	8.423156211555517e8	430776.55549984745	1.e-6	370698.8410612969	1.951046541707815e7	2.6848001746928434	141.305264971565
0.007824127036108715	39.46344292800164	141278.3640087403	69323.22259213857	2.5115519878863446e7	4753.570213374993	202.51930493103603	2.557498822909937e6	5061.729680485842	8.933697923539788e7	14383.452509634728	429750.4112423401	1.555164375350306	6.774118179140798	356.4880967662233	2773.482602428259	146102.54626357584
0.007896499209865779	41.12852942977193	145803.8138268535	39017.2302497076	1.4261721940033108e7	710.4364149974527	853.4360578448214	2.5070367132004735e8	95924.88347050957	1.4269863864675567e8	865.0721522655848	434040.20976781694	8.443469374668418	0.10131317884346915	5.3357829224453655	1.002138518623586e-6	0.00005305124595822297
0.40335626410919173	203312.9255549116	7.324364309252495e8	79077.9369556065	2.8805044703565314e7	81.74625518376013	0.497990047621627	74.5677775440465	0.000016763753573986424	8.609037674245684e7	262.825105121786	432277.8436186107	75.70407314377626	1.0000561150895667e-6	0.000052630429015345434	2.224680864926537	117.07754158098913
1.1821320597921705	102662.12753521824	9.59225915090024e8	21021.473396073696	2.3930858085479317e6	3.1358931637920786e7	0.23724041381035674	36.587395742405775	1.00559282998585e-6	9.488329312311752e8	7.3638353068992e8	9.995635637237273e8	112821.23147763853	162342.32190766244	8.303787019262972e6	0.0003286989062020604	0.017692387945998117
1.5617681286954466	39.44644971861862	144556.20878394035	62790.85693059546	2.202898641075989e7	3288.882133830447	700.3185195887738	1083.2669658781554	0.00377604086417211	2.2242514262411598e7	0.0042226237830816455	430703.7405364795	0.01790722212227584	20.769129549770785	1092.4572622301014	28230.191853537766	1.4800372678574435e6
2.9151612526211217	39.31240539008613	5.050205428780581e7	9.999373771265178e8	9.999983939481853e8	9.999999728294982e8	0.06346038814454645	4699.851070251194	1.0000000124800102e-6	55493.5874789897	7.08802570046895e8	9.078043783318038e8	9.925889296969024e6	0.00045076019328249616	0.023723315990599934	1.466028314976409	77.10674144995333
2.9605477493787284	60.225308242109804	9.99970021666429e8	7.565356952070744e8	5.9223380171937294e7	115.18390942178183	44.46470861567254	9.102505041002237e8	13356.276556693054	2541.30337195847	1.0000392695637733e-6	430275.98715533415	1.000001444781087e-6	5.640005531073559e6	2.9677366255255157e8	67.29632144571798	3542.534592884396
2.9618094369332866	40.595081792014156	9.999164384877263e8	3.143146949796842e8	1.6584521602601187e7	2298.2601865974475	35.8830596087476	1.644403428833887e6	0.0013651567153539852	6.339929056286261e7	8.494718855601533e7	2.6193963692964038e8	9.999374202512342e8	0.47674219277013086	25.09328424507047	0.04266799939001454	2.245574502698336
2.961863546148101	40.131599453642565	9.99982021323927e8	164841.6034653194	8601.657691029915	464432.4532081434	2169.4546971845166	10197.085596780633	54.69020113007363	4.567632294355379e6	9.999773405859063e8	432858.36844117887	12.404873959376621	3797.353990663387	199691.9564487905	0.007923278331272652	0.4168941990913283
2.963011924841127	39.286027216530634	9.999685285319289e8	32783.088276232775	1677.4807868283156	178862.2506079992	9.894849147932382e8	38813.94167873128	0.017487015491313797	9.926308221142169e8	1.0074242559026924e-6	422551.018345602	1.0057716003868523e-6	0.00826083038064855	0.43478054519045634	1.8887005044318393e7	9.940528999369787e8
2.9638712459664074	40.00623403600172	9.999984417037286e8	30871.386191194626	1586.9047781943016	1034.7730985328972	0.021940520924442826	2.78948432041162e6	0.00004507375225894655	5.3300876126917917e8	0.23721232179686946	424420.6895495975	0.00003514392581662835	692035.8587648107	3.636120568954707e7	0.019088839238491886	1.0050707735557494
2.964282187022426	140.2543267459877	9.207161344712384e8	33126.88249611549	6536.6010784242	53.64718673702312	1.3597028699391612e6	3.6860391286340593e6	1.0000153355645674e-6	229751.10910770326	1.2643352861531173e-6	1.1566285198718925e8	9.999999870594708e8	0.00003697365850193788	0.00194413610099489	0.00021881441703828155	0.01150992082117881
2.9646093363628236	177.02203042286752	592135.9698017483	44658.921652570556	1.7517420172706127e7	510.13415227157645	30369.94102163048	54.34855956781534	0.0019221638664817917	5.249342146983915e7	2.3866268960521077e-6	6.098382424783665e8	0.000038375987015986017	0.17275569965622306	9.150583361736217	0.007447565036544132	0.38956306045451305
2.964646550229508	39.199993692497095	1.e9	32946.95703771875	1679.635799613805	38197.48356177558	9.975992897485294e8	75716.4201025422	1.9031269399030371e-6	7.752684919988103e8	1.5087522974948349e-6	2.296355749005022e6	327217.5169367624	0.021508263424470868	1.1314526065404595	112.17789803127862	5877.993933979022
2.964650599244415	39.00201302382301	9.955820025978394e8	31925.249583295707	1625.290886749661	36326.642323531814	9.553855928382167e8	9730.923634466571	0.000018451044606178797	2.3622498569387156e8	1.0214368032814782e-6	429650.2261073622	2.9071137610912072	0.8479783521760099	44.70126646521641	0.009251465701302539	0.48683115881011574
2.965082806723533	38.92669500869733	139586.93429459934	32250.011971098407	1.1685187615585092e7	9.999999999769762e8	1.0001903676694729e-6	9.994792829512752e8	0.0029707069632491554	1.e9	7.464545400892835e8	425996.4146908361	1.6318296677947934e-6	0.000010405999472624578	0.0005457494494540822	3944.2525528052865	207837.04390383133
5.266670785691424	42.34176967615567	6.548229467523057e8	2.266705415660668e6	190609.8209112116	604.0593382598473	3.45926908566091e8	1.083402933575164e6	62795.31245368443	2773.0187120945743	0.00020826460304134787	430363.59776138334	0.12768579175661632	131.71439314051545	6933.525282676261	1.e-6	0.000052631527409822715
5.534236217529169	88.19288305139348	1.6679877125641787e8	6.825651408642365e8	4.653976046598636e8	67.64784115211073	0.000022609553428831232	168423.2074628283	143.91575382273544	1.3356121640652152e7	41601.96532926933	1.5896853643411541e7	1.3601882036500444e-6	22.658783491521262	1191.2370596163705	0.001003667294797091	0.05275860747873974
5.885072391543241	290.37936262103	5.095812711183961e8	9.720543916080579e8	7.190877405217927e8	45.24256256587696	616.8151796204395	46970.44807835103	6.999059292132687e-6	3.1358509297813004e8	588979.788334462	433774.1063612942	1.3129604793081695e-6	1.8938329347459372e7	9.999971057698555e8	6.276201541048269e6	3.3027960138236946e8
5.904862469741476	76.35417143968749	9.997246077182308e8	31859.71780777459	3161.7527019715435	78822.60310164228	9.997325143986411e8	9.766665501658239e8	9.766664639671056e8	9.389098619571881e8	0.16965723165591703	3.084379138574071e8	1.065065448932294e-6	2.7074504579516505e-6	0.0001425517997663884	1.005372699716615e-6	0.00005259665676347612
5.914504394222326	38.4997006442581	8.708692476338075e8	9.999662918966863e8	5.745946327113767e7	3.1194364809413394e6	1011.6612029560026	7.186774391150651e8	495.64323650685805	7.502830142414621e8	0.0007867726543850542	425675.3202633615	1.000009809267839e-6	1.0800454647427269e6	5.68402904007595e7	2.830192213053771e-6	0.00014894632278531956
5.918517946353903	39.82176005561972	1.e9	523237.85201957985	27064.06314730597	5.310064759724735e7	0.00001255024124866034	6.2709370187014e6	1.5881935451213725e-6	1787.2766449319402	13337.138326417264	429943.92319223005	8.25304834932416e-6	7.224766478532702	380.1631718509768	1.8975861160480764e7	1.e9
5.91884456607782	39.909025244954634	1.e9	1.e9	5.187933354960434e7	1.1656281021176755e8	619.0795528386366	3.594993196000464e8	1.e-6	9890.917375788675	5.668087514436089e8	430300.54893205286	1.0065074561142732e-6	2.9265777409908416e-6	0.00015402392998789882	1.900133149839887e7	1.e9
5.919605883846114	40.2547965189294	9.999879934723705e8	32095.096257524216	1682.3060795084336	883.89926521413	3.114337117137448e-6	3.527704937411188e8	6.6686067361654965e-6	1.8102760795709202e6	80.02944165634328	418574.48370143626	1.e-6	1.8729730324240737e7	9.844264657504958e8	0.0002826806000913079	0.014870167769343608
5.923424444849781	286824.26676389785	1.e9	2.676826862787726e6	1.e9	38.210083851263995	1.311737504083935e8	9.981835118367399e8	4.8713336616501735e-6	1.2120116324726425e7	0.00010103386354476954	9.976306490927627e8	826.5982819429798	1.822562519491578e7	9.584212207224402e8	1.900163767382708e7	1.e9
8.877819947059193	38.9610259549777	1.e9	235144.53617465112	11908.747536076593	3.00362033921646e7	3.947253652286122e7	9.977955240903428e8	72.40201577984055	63826.83247426042	9.965991053780932e8	9.99999385117864e8	40805.216565603776	79.9645610773273	4208.382533267014	1.8998887519968804e7	1.e9